"","x"
"1","HH12#CTCAACCGTGTTTCTT-1"
"2","HH12#TGTACGACAACGTACT-1"
"3","HH12#GCATGATCATTACACG-1"
"4","HH12#TTCTGTACAAGAGATT-1"
"5","HH12#AGGACGATCGGTGATT-1"
"6","HH12#TAACAGCAGCATACCT-1"
"7","HH12#CCAGATAAGACACAAT-1"
"8","HH12#AACGTACTCATTGCCC-1"
"9","HH12#ACAGCGCTCGGGAAAC-1"
"10","HH12#TTGAGCAGTATTCGCA-1"
"11","HH12#GCTGTTCAGTGTCGCC-1"
"12","HH12#TCGAGCGGTAGCGTTT-1"
"13","HH12#GCGGAAACATCCGTGG-1"
"14","HH12#TATCTGTCAACTCAAC-1"
"15","HH12#TAGACTGGTGCGTAGA-1"
"16","HH12#GCATTCCTCCGCGATG-1"
"17","HH12#CTACAGAGTTGTGACT-1"
"18","HH12#CTAGGATAGCAGTAGC-1"
"19","HH12#TGCATTTTCCCAATGA-1"
"20","HH12#GAGCATTAGGCGTCCT-1"
"21","HH12#TTGCTATTCGCATACA-1"
"22","HH12#GGCGTTGAGTTCTCCC-1"
"23","HH12#GCAAAGGGTACAAATG-1"
"24","HH12#AAGGTTCAGAGGAATG-1"
"25","HH12#CCGAAGCGTATGTTCG-1"
"26","HH12#GGTCATAAGTATAGTG-1"
"27","HH12#TACGGATGTCGAGGTA-1"
"28","HH12#TGAGTCACAAGGTCGA-1"
"29","HH12#GCGAGAAAGTCTCTAG-1"
"30","HH12#CTTGAAGAGTACGACG-1"
"31","HH12#GCAAAGGTCCCGTAGG-1"
"32","HH12#GATTAGCCAGCTATAC-1"
"33","HH12#TGCGTAAAGGTTCGAG-1"
"34","HH12#CACCACTCAAGTCTCA-1"
"35","HH12#CACAGATTCCGCGATG-1"
"36","HH12#CTTGAAGGTTTGTCTT-1"
"37","HH12#TTGAGTGAGGTTAGTA-1"
"38","HH12#GCGCCAAAGATGGGAA-1"
"39","HH12#ACAAACCAGCCATCAT-1"
"40","HH12#GAAGTGGAGTGGTGTG-1"
"41","HH12#TTGCAGAGTCACAGGA-1"
"42","HH12#TACATGGTCATACTTC-1"
"43","HH12#GATTAGCTCCGAGAGA-1"
"44","HH12#AAATGAGTCTAAACGC-1"
"45","HH12#TGGAAGGCAATGGCTT-1"
"46","HH12#ATGGATCGTAACAATG-1"
"47","HH12#CAGTGCGTCTTTCGAT-1"
"48","HH12#TCCAGAAGTATATGGA-1"
"49","HH12#TACTGCCCAATCCATG-1"
"50","HH12#TTGGTCCCAGTTACAC-1"
"51","HH12#TGTAAGCAGACCCTAT-1"
"52","HH12#AAACGAAGTAAACGTA-1"
"53","HH12#GCGGTGTAGAACTCCT-1"
"54","HH12#AAAGATGGTCCATTGA-1"
"55","HH12#TCCCACACAATCAGGG-1"
"56","HH12#GCCTAGGCAAGCCCTG-1"
"57","HH12#TGATCAGGTTACTACG-1"
"58","HH12#GTCGTAAGTTCCCGGA-1"
"59","HH12#TATGTGGCACAGGAAC-1"
"60","HH12#ACAATCGTCTTCTCTC-1"
"61","HH12#TACTCGCAGTTCCAGT-1"
"62","HH12#TTGAGTGCAAGTAATG-1"
"63","HH12#CTTTGCGCAATGGCTT-1"
"64","HH12#ACGGATTGTTTCTACT-1"
"65","HH12#ACCATCCTCTCGCGTT-1"
"66","HH12#GACTAGTTCTTTATCG-1"
"67","HH12#GATTGACAGTGCCCTG-1"
"68","HH12#TATTGCTCATTCTCGC-1"
"69","HH12#CAGTATGAGCGATACG-1"
"70","HH12#TAGCGGCCAATGTGTC-1"
"71","HH12#CTCAACCCAGTTAAAG-1"
"72","HH12#ATCCCTGAGGATTTGA-1"
"73","HH12#GTGTCCTAGTTGCTTG-1"
"74","HH12#AGGACGAAGTCCGATT-1"
"75","HH12#AATGGCTAGACGCCAA-1"
"76","HH12#ACCATCCAGGCGTCCT-1"
"77","HH12#ACCGAATAGAACGTTA-1"
"78","HH12#GCGATTAAGCGCCTAC-1"
"79","HH12#GAGCGCTAGCTATCGT-1"
"80","HH12#CAACGTACAAGATTAG-1"
"81","HH12#TACGCAATCGGAAAGC-1"
"82","HH12#TCAATTCTCGCTTCAC-1"
"83","HH12#GCTGTTCTCGATAGGG-1"
"84","HH12#GCCAGACCAGATACAA-1"
"85","HH12#AGCCAGCCAGTCAGAG-1"
"86","HH12#AACGGGACAATGGCAG-1"
"87","HH12#CGGACCAGTAGCATGG-1"
"88","HH12#ACAAAGAGTAGCGGTA-1"
"89","HH12#TAGTCCCCAGCTTACA-1"
"90","HH12#CTTCCAGTCTCCAACC-1"
"91","HH12#GTCCATCAGCTCCATA-1"
"92","HH12#GCTTTCGCATGGGTGA-1"
"93","HH12#CGTACAAGTGATAGAT-1"
"94","HH12#AAATGCCGTTTGTCTT-1"
"95","HH12#AACAGTCAGATGGCAC-1"
"96","HH12#CTCAACCTCATCGCTC-1"
"97","HH12#TTGCACCGTTGCTTGA-1"
"98","HH12#CTCAACCTCTACATCT-1"
"99","HH12#AGACAAATCGCTATAG-1"
"100","HH12#TCGCAGGAGACCATAA-1"
"101","HH12#TGCTCACCAAGTTCGT-1"
"102","HH12#CGCAATAAGTAATCAG-1"
"103","HH12#TTGTTGTCATGGCCGT-1"
"104","HH12#GCAGCCACAGCGCGTT-1"
"105","HH12#TTAACGGCATATAGAG-1"
"106","HH12#CAGCTGGTCAAATGGA-1"
"107","HH12#TTGCAGAGTAGTCTGT-1"
"108","HH12#TTGCTTATCGAAGCCC-1"
"109","HH12#CCATACCGTGACAAGC-1"
"110","HH12#AAGGAGCAGTGAAGGA-1"
"111","HH12#TACTAGGGTGAATACA-1"
"112","HH12#TAGCATGAGGCGTAGT-1"
"113","HH12#CAAGGCCAGACCCATT-1"
"114","HH12#CCTGCTAAGTGATAAC-1"
"115","HH12#ATCCAGACAAGCGACA-1"
"116","HH12#CCGTGAGTCTACTGCC-1"
"117","HH12#AGTGCCGAGTGCACAG-1"
"118","HH12#CAGCTGGCAGCGTGAA-1"
"119","HH12#AGTGCCGGTCACATTG-1"
"120","HH12#CTACAGACACGTTGTA-1"
"121","HH12#GCTGAGCTCTATGAGC-1"
"122","HH12#TGGTCAATCGACGGAA-1"
"123","HH12#GTAGACTGTCATTGCA-1"
"124","HH12#CAACGTAAGATATGTG-1"
"125","HH12#TGCGTAACATCCTCGT-1"
"126","HH12#CTGCGTTCATTGTTCT-1"
"127","HH12#CCTCCCTCAATGAAAC-1"
"128","HH12#TACGCCTGTATCGCGC-1"
"129","HH12#AACGAGGTCTTGTCGC-1"
"130","HH12#CGATGATTCTGCTACC-1"
"131","HH12#TGGGTTATCCATCATT-1"
"132","HH12#TCTATTGGTCTGAGCC-1"
"133","HH12#TCAAAGCAGTGAGTGC-1"
"134","HH12#TCACAAGCAGAACGAC-1"
"135","HH12#TGTGTCCCACCGAATT-1"
"136","HH12#GATCGTAGTCAGTGTT-1"
"137","HH12#TTGGTCCTCTTCAGAG-1"
"138","HH12#ACGTGGCGTTAACTCG-1"
"139","HH12#AACGGGACACATATCG-1"
"140","HH12#GTGATCATCACGTGTA-1"
"141","HH12#CGTGGCACAACCTCCT-1"
"142","HH12#AAAGATGGTGACCAGA-1"
"143","HH12#TAACGGTTCCATACCC-1"
"144","HH12#CCATACCTCTGAGTCA-1"
"145","HH12#GCTGAGCCATAGAATG-1"
"146","HH12#GAAGTCTCAGACCTGC-1"
"147","HH12#TTAGCGAGTGTTGGTT-1"
"148","HH12#GCTCCTACACTCCTCA-1"
"149","HH12#CTCAGAAAGAAATGGG-1"
"150","HH12#AGCTGATGTACTAGAA-1"
"151","HH10#TCTCAGCGTATGTCCA-1"
"152","HH10#CCATACCTCGACGGAA-1"
"153","HH10#CACCTTGGTTCCCGGA-1"
"154","HH10#GGTACCGCATTAAGGA-1"
"155","HH10#TAAACCGGTCGCTACG-1"
"156","HH10#TTGCTATGTCCATTGA-1"
"157","HH10#TACCTCGTCTAGCAAC-1"
"158","HH10#TCTATTGAGGGCTCTC-1"
"159","HH10#ACATGCACACACTAGT-1"
"160","HH10#CGTGGCAAGGAAGACA-1"
"161","HH10#GAACCGCGTGGCCTTG-1"
"162","HH10#TTAGCGAAGCACGTAG-1"
"163","HH10#AAGGAGCGTCTGCACG-1"
"164","HH10#TCAAGCACACTGATTG-1"
"165","HH10#CAAGAAAAGCTAACAA-1"
"166","HH10#TCAATTCAGTTCGTTG-1"
"167","HH10#GTGGATTAGGAGGCGA-1"
"168","HH10#AGATTCGGTAGAGAGA-1"
"169","HH10#TTTGGCCCAGTGCGAA-1"
"170","HH10#CATTCATCAACCTCCT-1"
"171","HH10#TAGGAGGTCTCTATCA-1"
"172","HH10#GTTCAAGGTAGAAAGG-1"
"173","HH10#GCATTCCAGGCAGTGT-1"
"174","HH10#GCGAGAAAGGCTTCGC-1"
"175","HH10#TTGCTATTCGCAGATT-1"
"176","HH10#CAATCCCAGGACTAGC-1"
"177","HH10#TTGCACCTCTATCTCA-1"
"178","HH10#GCGATCGTCGGTCTCT-1"
"179","HH10#GAGAACGTCAGTCACA-1"
"180","HH10#GCGATCGAGCTCCGGT-1"
"181","HH10#GGTCATACAGTTAAAG-1"
"182","HH10#AAATGAGGTCCAAGTT-1"
"183","HH10#TGTGTCCCAATTCTCT-1"
"184","HH10#TCCGACTAGGTCTTTG-1"
"185","HH10#GACTAACTCCCAATGA-1"
"186","HH10#CCCTCTCCAGATTTGC-1"
"187","HH10#CAATCCCCAAGTCTGT-1"
"188","HH10#TTACGTTAGCCATCAT-1"
"189","HH10#TGCGTAACATGGCCCA-1"
"190","HH10#GCTCGAGAGAAAGGGT-1"
"191","HH10#ATAGTCGGTGGACCAA-1"
"192","HH10#AGGCCTGAGTAGTTCC-1"
"193","HH10#CGTGGCACATAGGCGA-1"
"194","HH10#CACTAAGAGGATTAAC-1"
"195","HH14#TACCCTGTCTGATCTT-1"
"196","HH14#CGCGCAACAATGGCAG-1"
"197","HH14#TCAGCTCCATCGGCCA-1"
"198","HH14#ATCCCTGCATCCCTCA-1"
"199","HH14#ACGGATTGTCAACTGT-1"
"200","HH14#GTAGACTCACCGTTGG-1"
"201","HH14#GCTCAGGTCCGTTTCG-1"
"202","HH14#TGCGTAATCCGCCTAT-1"
"203","HH14#AATACGCAGGTTCTCA-1"
"204","HH14#GTGTCCTGTTAGCTCA-1"
"205","HH14#TGGTCAAAGAAGCCTG-1"
"206","HH14#ACCAAACGTATCACAC-1"
"207","HH14#TCGAGCGCATTGTGAC-1"
"208","HH14#TTTGTGTTCAGGCCGT-1"
"209","HH14#CAAAGCTCAGAAAGAG-1"
"210","HH14#AGTCAACAGAAATACC-1"
"211","HH14#TCTCAGCTCTATATCC-1"
"212","HH14#GTAGACTCACGCTGTG-1"
"213","HH14#TAAACCGTCTGAAAGA-1"
"214","HH14#TTGACGATCCAACCTC-1"
"215","HH14#GGCACGTAGGCTCAGA-1"
"216","HH14#TGATCAGAGCGCAATG-1"
"217","HH14#TTGCTTATCGTTTGAG-1"
"218","HH14#TCAGCTCGTGCATCAT-1"
"219","HH14#GTGTGATAGCCAGAAC-1"
"220","HH14#AATGCCACAAGATGCG-1"
"221","HH14#TTGCTTAGTGGTTCTA-1"
"222","HH14#AGGACGACATCGCCTT-1"
"223","HH14#AGCGATTTCCCAATGA-1"
"224","HH14#AGCGTGCGTTTCCACC-1"
"225","HH14#AGCGTGCCATCGCCTT-1"
"226","HH14#TTAGGTGTCGTCAACA-1"
"227","HH14#CCACAGGTCCGCCTAT-1"
"228","HH14#TGACTCCGTGCGTCCA-1"
"229","HH14#TACTCGCGTAGAACGC-1"
"230","HH14#CTAGCGGCACACTAGT-1"
"231","HH14#TCACAGACAGCTGATT-1"
"232","HH14#GCAACCGTCTCTTCCT-1"
"233","HH14#AGCCAGCTCACTAGGT-1"
"234","HH14#GGGTCTGAGGTAAGCC-1"
"235","HH14#CCGTACTGTATGAAGT-1"
"236","HH14#GCGTAGCGTATCCCTC-1"
"237","HH14#CACAACAGTGATAAGT-1"
"238","HH14#AATGTCGGTCGAGAAC-1"
"239","HH14#AGGCGAAGTAGACGCA-1"
"240","HH14#AATGGCTGTATTCTTC-1"
"241","HH14#AGTCCGGCAAAGCTTC-1"
"242","HH14#GCACGCACATCGTGAT-1"
"243","HH14#AAAGATGAGCCGCTGT-1"
"244","HH14#AAATGAGAGTCACGCC-1"
"245","HH14#CTCTCAGAGGGTGTTG-1"
"246","HH14#TGTTAGGGTTTAGAAG-1"
"247","HH14#AGATTCGAGGCAGATC-1"
"248","HH14#CTGAATGGTTTGTAGC-1"
"249","HH14#CATTGGAGTCAACTAC-1"
"250","HH14#TTGGTCCGTAACGGAC-1"
"251","HH14#GATCGTATCTATCTAC-1"
"252","HH14#ATAGTCGTCTTCCACG-1"
"253","HH14#ATTGTGGGTTGGGAAC-1"
"254","HH14#GGCGTTGAGCCTGGTC-1"
"255","HH14#GATGATCCACAGTTAC-1"
"256","HH14#GCAGCTGTCTCTTCCT-1"
"257","HH14#CTACTTATCGAGGTCC-1"
"258","HH14#CTTTGCGAGGCTTTAC-1"
"259","HH14#TACCTCGCAAGCAATA-1"
"260","HH14#TATGTGGAGTATGGGC-1"
"261","HH14#GCTCCTATCATCATGG-1"
"262","HH14#TTGTTCAAGATGGCAC-1"
"263","HH14#ACTTTCAAGGTCGGTA-1"
"264","HH18#ATAGTCGTCCGGCGAT-1"
"265","HH18#GCATTGAGTAGTACAA-1"
"266","HH18#CTCCCAAGTTTGCGAT-1"
"267","HH18#CGCGCAATCGGTGATT-1"
"268","HH18#AGCCCGATCGGATAGG-1"
"269","HH18#TTGAGCACACACACCG-1"
"270","HH18#GCGCCAAAGCTTACCA-1"
"271","HH18#ACCGAATTCCCATAGA-1"
"272","HH18#CAAAGCTTCGGCAATT-1"
"273","HH18#TTCTAACTCGGAAAGC-1"
"274","HH18#ACTCGGGGTCGACTGC-1"
"275","HH18#GCGATCGCAGACTAAA-1"
"276","HH18#CACTGAACACAATAAG-1"
"277","HH18#ACCCAAAAGAGCCACA-1"
"278","HH18#TTGACGATCAAGGCAG-1"
"279","HH18#CGCACAGAGACCAATA-1"
"280","HH18#GGCGTTGCACGTTACA-1"
"281","HH18#AAAGATGTCCGCGATG-1"
"282","HH18#TGCATGAGTGAGTAAT-1"
"283","HH18#GGCGAAAAGACTCTTG-1"
"284","HH18#CTAGGGCTCTGCGTCT-1"
"285","HH18#ACCGGGTAGAGCTCCC-1"
"286","HH18#GGCGAAAGTTTGTACG-1"
"287","HH18#TCCCACACAGATTAAG-1"
"288","HH18#GGATAGGGTCTCAAAC-1"
"289","HH18#CCCTCTCGTTCCATCC-1"
"290","HH18#TGACTCCAGCGCCTAC-1"
"291","HH18#AGCGTATGTGGTACTT-1"
"292","HH18#AAGGTTCGTGCAAGAC-1"
"293","HH18#ATGTCTTGTTTCAGCA-1"
"294","HH18#CGTAAACTCGGAAAGC-1"
"295","HH18#CTGAATGTCTGGCCAG-1"
"296","HH18#TCAAGACTCTTACTCA-1"
"297","HH18#ACTGCGGGTAAAGGCC-1"
"298","HH18#AACGAGGTCGGAAAGC-1"
"299","HH18#CTCATGCGTAACGGTG-1"
"300","HH18#GCTTTCGCATCCCGGA-1"
"301","HH18#GGGACCTAGTTCAGGG-1"
"302","HH18#ACCCAAAGTGATGCGA-1"
"303","HH18#TTCTGTATCCCGCAAG-1"
"304","HH18#ACATGGTCAGCTGATT-1"
"305","HH18#GGTACCGTCCGAATTG-1"
"306","HH18#AAGGAGCTCTTCTTCC-1"
"307","HH18#GAGGTCCCAGGCTACC-1"
"308","HH18#AGCTGGCGTATCCTTT-1"
"309","HH18#GTTGGGCCACCTCGTT-1"
"310","HH18#GAAGTGGCATCAACTG-1"
"311","HH18#CCTTAATTCGCGCTGA-1"
"312","HH18#CTGGGACTCTGGCCAG-1"
"313","HH18#AAACTGCCATAGAATG-1"
"314","HH18#GAGACTTAGGTCGGTA-1"
"315","HH18#GAAATGAAGTGATAAC-1"
"316","HH18#GGTGCTGGTCGAGAAC-1"
"317","HH18#TCAGCTCAGAGACTCG-1"
"318","HH18#CTGAATGAGTCGGGAT-1"
"319","HH18#TGGTCCTAGATGAGGA-1"
"320","HH18#AGCTGTAAGGCAGTGT-1"
"321","HH18#TCTATTGCATTACCTT-1"
"322","HH18#GGTGAAGAGTCTCCAA-1"
"323","HH18#TGGACATTCCTAAAGC-1"
"324","HH18#CCGTAGGCAATTGTGC-1"
"325","HH18#CTCACCAAGGAAGAAC-1"
"326","HH18#GGAATCTAGTTTGGAA-1"
"327","HH18#GTCTACCTCGCTAGTA-1"
"328","HH18#GAGGCTCAGCTATCCA-1"
"329","HH18#CCCGTTAAGAACCATA-1"
"330","HH18#GGCGTTGGTACGGATG-1"
"331","HH18#TATGTTCGTTTGACCA-1"
"332","HH18#CTGTTCGTCAGTGTGT-1"
"333","HH18#CAGTGCGTCGTAGCGC-1"
"334","HH18#GACCTTCTCGAGGCTC-1"
"335","HH18#CAGTATGCAAGGTCGA-1"
"336","HH18#AACGGGAAGTCTCTAG-1"
"337","HH18#GCGATTAGTATGTTCG-1"
"338","HH18#TTAGCGACACTCAGCG-1"
"339","HH18#CACAGATCACAGTTCA-1"
"340","HH18#TGAGTCACAATGATGA-1"
"341","HH18#GTGCCAGCAGGTAGGT-1"
"342","HH18#GAGCATTCAAGTCCTA-1"
"343","HH18#ACATGCATCGAGAACG-1"
"344","HH18#CGCTATCCAAAGCTGG-1"
"345","HH18#TGTAGCAAGTCTCCAA-1"
"346","HH18#GAGTGAGTCTGCTACC-1"
"347","HH18#CTCTCGAGTGGACGAT-1"
"348","HH18#AATGTCGCAACGGGTA-1"
"349","HH18#CGCACAGGTTGTATCG-1"
"350","HH18#GGATAGGTCGGTTGTA-1"
"351","HH18#GCCTAGGCACGGTTAT-1"
"352","HH18#TTGCTATGTATTTGCG-1"
"353","HH18#CCTCCCTTCCTCCCAA-1"
"354","HH18#GTTACTTCACGCGACT-1"
"355","HH18#CGCAGGTCAATGGCTT-1"
"356","HH18#TGGCCTTGTTTGCGAT-1"
"357","HH18#TTGTTCAGTGAAACAT-1"
"358","HH18#GAGCATTTCCTAAGTG-1"
"359","HH18#AGGCGTCCATAGATAG-1"
"360","HH18#TGATCAGGTCATTGCA-1"
"361","HH18#CTGGCAGTCGTCCCAT-1"
"362","HH18#TAGCATGTCCAGGTAT-1"
"363","HH18#TCACAAGCAACAAACA-1"
"364","HH18#GCAGCCACACCTGGTG-1"
"365","HH18#ACCGGGTTCCATGTTT-1"
"366","HH18#CCCACATTCTCGCGGA-1"
"367","HH18#GAATCTGGTAGCATGG-1"
"368","HH18#TTGCGAAAGGGAAATG-1"
"369","HH18#TTTGGTTCACGATTAC-1"
"370","HH18#GTAGTACGTCAGTGTT-1"
"371","HH8#GATTGACAGAAGCCTG-1"
"372","HH8#CAACGGCGTGAGTCGA-1"
"373","HH8#TCACAAGTCCGCTCTA-1"
"374","HH8#ACTAGGTCAGGGTAAC-1"
"375","HH8#AGGCGTCAGAGTAAGG-1"
"376","HH8#AACGAGGTCGAAGCCC-1"
"377","HH8#CACCACTTCCATATCT-1"
"378","HH8#GATCGTACACGCGCAT-1"
"379","HH8#GTGACATCATTAGCCA-1"
"380","HH8#CGTGGCAGTAAACGAT-1"
"381","HH8#CACAGATAGCTCCGGT-1"
"382","HH8#GCTTTCGAGTCCTTCC-1"
"383","HH8#CCCAGAGGTGGCGCTT-1"
"384","HH8#GGGCCATAGCATACCT-1"
"385","HH8#GAGGCTCAGACACAAT-1"
"386","HH8#ACAAACCAGTCGTACT-1"
"387","HH8#ATCGAGTGTTAGTAGA-1"
"388","HH8#CGCAATACAGGATAGC-1"
"389","HH6#TGACTCCGTTGTGAGG-1"
"390","HH6#TTGCCCATCGAGAACG-1"
"391","HH6#TTACTCACAAAGGTCG-1"
"392","HH6#TGCGTAAGTTTCGTTT-1"
"393","HH6#GTGTCAAAGCAGAAAG-1"
"394","HH6#TTGCGGGGTAGGGTCA-1"
"395","HH6#ACGGATTAGTCGCCTG-1"
"396","HH6#TACATGGCATCGCCTT-1"
"397","HH6#CGCAATAAGTTACCAC-1"
"398","HH6#GATTAGCCAGGCAAGT-1"
"399","HH6#CCTCCCTAGACGTCAG-1"
"400","HH6#AATGTCGCATCCGTAA-1"
"401","HH16#TACATTCTCAGATACC-1"
"402","HH16#CACTGAAAGAACAGGA-1"
